{
  "schema_version": "1.0.0",
  "n": 10,
  "t": 4,
  "seed": 1,
  "compressor_backend_id": "sonobe-nova-bn254-grumpkin",
  "phases": {
    "keygen": {
      "total_ms": 430.511598,
      "instances_run": 1
    },
    "nizk_prove": {
      "total_ms": 3681.4392249999996,
      "instances_run": 10,
      "per_instance_ms": [
        392.389021,
        364.656518,
        364.916419,
        364.833462,
        365.672286,
        365.231029,
        365.12620200000003,
        365.151312,
        366.721944,
        366.741032
      ]
    },
    "nizk_verify": {
      "total_ms": 5065.875527,
      "instances_run": 90,
      "per_instance_ms": [
        56.463288,
        56.183627,
        55.985281,
        56.139268,
        56.007742,
        56.460108000000005,
        56.332361,
        56.226605,
        56.436719000000004,
        56.284874,
        56.222765,
        56.019901,
        56.202266,
        56.092348,
        56.189616,
        57.384329,
        56.177867,
        57.100567999999996,
        56.178846,
        56.679621,
        56.630193000000006,
        56.312971000000005,
        56.270714,
        56.645102,
        56.970492,
        57.201325,
        57.045809000000006,
        56.478677,
        56.38489,
        56.351941000000004,
        56.40779,
        57.301612,
        56.960563,
        55.73794,
        56.074118999999996,
        56.151847,
        55.984842,
        56.241525,
        55.999711,
        56.032531,
        56.06448,
        56.088119,
        55.976481,
        56.021862,
        56.009691000000004,
        56.026601,
        55.990023,
        55.884664,
        55.910305,
        56.090159,
        56.110848999999995,
        56.010691,
        56.024531,
        56.000262,
        57.03171,
        56.173716,
        56.07412,
        56.107138,
        56.116908,
        56.090329000000004,
        56.201496,
        56.214676,
        56.123327,
        56.049769999999995,
        56.059850000000004,
        56.085739000000004,
        56.021042,
        56.028531,
        56.04188,
        55.966353000000005,
        56.185137000000005,
        56.34744,
        56.350491000000005,
        56.292483,
        56.292353000000006,
        56.531974999999996,
        56.344591,
        56.514696,
        56.463136999999996,
        56.362311,
        56.344201,
        56.3597,
        56.282413000000005,
        56.382901,
        56.444249,
        56.348831000000004,
        56.318980999999994,
        56.530076,
        56.290701999999996,
        56.340962000000005
      ]
    },
    "pvss_share_encrypt": {
      "total_ms": 6260.0,
      "instances_run": 90,
      "deal_ms": 6260.0,
      "verify_ms": 2600.0,
      "recover_ms": 245.0
    },
    "pvss_decrypt_prove": {
      "total_ms": 1587.338422,
      "instances_run": 4,
      "per_instance_ms": [
        397.181483,
        395.32966899999997,
        398.969697,
        395.857573
      ]
    },
    "cyclo_fold": {
      "total_ms": 37.223394,
      "instances_run": 1
    },
    "compressor_prove": {
      "total_ms": 25168.876682000002,
      "instances_run": 1
    },
    "compressor_verify": {
      "total_ms": 7697.414186999999,
      "instances_run": 1
    },
    "partial_decrypt": {
      "total_ms": 95.545345,
      "instances_run": 4,
      "per_instance_ms": [
        24.011696999999998,
        23.813063,
        23.843693,
        23.876892
      ]
    },
    "aggregate_decrypt": {
      "total_ms": 170.136697,
      "instances_run": 1
    },
    "noir_sonobe_wrap": {
      "total_ms": 0.0019700000000000004,
      "instances_run": 1
    },
    "noir_aggregator_final": {
      "total_ms": 0.036999000000000004,
      "instances_run": 1
    },
    "onchain_verify": {
      "total_ms": 0.00122,
      "instances_run": 1
    }
  },
  "produced_at_unix_secs": 1778688997,
  "git_sha": "e65e8cd"
}