{
  "schema_version": "1.0.0",
  "n": 10,
  "t": 4,
  "seed": 1,
  "compressor_backend_id": "sonobe-nova-bn254-grumpkin",
  "phases": {
    "keygen": {
      "total_ms": 450.346962,
      "instances_run": 1
    },
    "nizk_prove": {
      "total_ms": 3780.8735749999996,
      "instances_run": 10,
      "per_instance_ms": [
        410.065964,
        378.161831,
        376.008553,
        377.56642800000003,
        379.922999,
        379.080153,
        370.016787,
        369.818632,
        370.21228099999996,
        370.019947
      ]
    },
    "nizk_verify": {
      "total_ms": 5174.635244999998,
      "instances_run": 90,
      "per_instance_ms": [
        57.240313,
        57.04053,
        57.175885,
        56.968641,
        57.154835,
        57.178355,
        57.217144,
        57.209515,
        57.01099,
        57.061018,
        57.284212000000004,
        57.224222999999995,
        57.190815,
        57.070418,
        56.99684,
        56.986540000000005,
        57.082778,
        57.104528,
        57.119967,
        57.183656,
        57.055928,
        57.015699000000005,
        57.030709,
        57.46461600000001,
        57.577062999999995,
        57.444466999999996,
        57.767196999999996,
        57.685821,
        57.643791,
        57.574993,
        57.606942000000004,
        57.975201,
        57.320882,
        58.957623,
        57.497496000000005,
        57.527916,
        57.968790999999996,
        57.959511,
        58.854546,
        57.365778999999996,
        58.466666000000004,
        56.857054,
        57.290982,
        58.494515,
        60.938935,
        59.629333,
        58.650662,
        58.281042,
        60.649324,
        58.148686999999995,
        57.951112,
        57.825876,
        57.409789,
        57.120355999999994,
        56.925382,
        56.973011,
        56.968491,
        56.96909,
        57.138485,
        57.368508999999996,
        57.268412,
        57.3175,
        57.244712,
        59.06189,
        57.34749,
        56.964171,
        57.073007000000004,
        57.109316,
        57.054898,
        56.878633,
        57.212723,
        57.436446000000004,
        57.275062,
        58.201025,
        57.071616999999996,
        57.265532,
        57.196354,
        57.239292,
        57.242722,
        57.048518,
        57.022628999999995,
        57.434947,
        57.139984999999996,
        57.073957,
        57.815215,
        57.055158,
        57.284433,
        57.068368,
        57.107727,
        57.270030999999996
      ]
    },
    "pvss_share_encrypt": {
      "total_ms": 6367.0,
      "instances_run": 90,
      "deal_ms": 6367.0,
      "verify_ms": 2664.0,
      "recover_ms": 248.0
    },
    "pvss_decrypt_prove": {
      "total_ms": 1610.117359,
      "instances_run": 4,
      "per_instance_ms": [
        401.921091,
        405.823416,
        403.29863,
        399.07422199999996
      ]
    },
    "cyclo_fold": {
      "total_ms": 40.821287999999996,
      "instances_run": 1
    },
    "compressor_prove": {
      "total_ms": 27392.474264,
      "instances_run": 1
    },
    "compressor_verify": {
      "total_ms": 7841.831364,
      "instances_run": 1
    },
    "partial_decrypt": {
      "total_ms": 187.64133899999996,
      "instances_run": 4,
      "per_instance_ms": [
        67.447442,
        41.025828,
        40.140933,
        39.027136
      ]
    },
    "aggregate_decrypt": {
      "total_ms": 209.556596,
      "instances_run": 1
    },
    "noir_sonobe_wrap": {
      "total_ms": 0.00373,
      "instances_run": 1
    },
    "noir_aggregator_final": {
      "total_ms": 0.050488000000000005,
      "instances_run": 1
    },
    "c7_decrypt_aggregation": {
      "total_ms": 0.0,
      "instances_run": 0
    },
    "c7_merkle_aggregation": {
      "total_ms": 0.0,
      "instances_run": 0
    },
    "onchain_verify": {
      "total_ms": 0.00108,
      "instances_run": 1
    }
  },
  "produced_at_unix_secs": 1778711391,
  "git_sha": "fac3e8b"
}