n,t,keygen_total_s,keygen_per_party_s,encrypt_s,partial_decrypt_per_party_s,aggregate_decrypt_s,peak_rss_mb
4,3,7.386148,1.846537,0.062645,0.028166,0.079690,58
8,6,29.741261,3.717658,0.063945,0.029270,0.149744,108
16,11,127.907974,7.994248,0.065979,0.029776,0.405814,283
