{"name":"folding-N16","mean":2.6527111000000003,"median":2.6523655,"p99":2.940213,"stddev":0.10795522853150749,"n_runs":10,"env":{"cpu":"AMD RYZEN AI MAX+ 395 w/ Radeon 8060S","ram_gb":7,"kernel":"Linux version 6.8.0-90-generic","git_sha":"1aa45f1","timestamp":"2026-05-02T12:04:30Z"},"fold_count":16,"per_fold_ms":0.16579444375000002,"accumulator_bytes":280,"final_snark_prover_ms":0.007915,"final_snark_bytes":320,"verifier_ms":0.005382}