{"name":"folding-N1024","mean":167.52340610000002,"median":167.1370595,"p99":172.043779,"stddev":1.8318008701316018,"n_runs":10,"env":{"cpu":"AMD RYZEN AI MAX+ 395 w/ Radeon 8060S","ram_gb":7,"kernel":"Linux version 6.8.0-90-generic","git_sha":"1aa45f1","timestamp":"2026-05-02T12:04:30Z"},"fold_count":1024,"per_fold_ms":0.16359707626953127,"accumulator_bytes":280,"final_snark_prover_ms":0.017990700000000002,"final_snark_bytes":512,"verifier_ms":0.010433799999999998}