{"name":"folding-N256","mean":41.11884239999999,"median":41.071259999999995,"p99":42.191451,"stddev":0.4375350795696731,"n_runs":10,"env":{"cpu":"AMD RYZEN AI MAX+ 395 w/ Radeon 8060S","ram_gb":7,"kernel":"Linux version 6.8.0-90-generic","git_sha":"1aa45f1","timestamp":"2026-05-02T12:04:30Z"},"fold_count":256,"per_fold_ms":0.16062047812499997,"accumulator_bytes":280,"final_snark_prover_ms":0.0121695,"final_snark_bytes":448,"verifier_ms":0.0085638}