{"name":"folding-N64","mean":10.7066472,"median":10.66047,"p99":11.445241,"stddev":0.2633486443579308,"n_runs":10,"env":{"cpu":"AMD RYZEN AI MAX+ 395 w/ Radeon 8060S","ram_gb":7,"kernel":"Linux version 6.8.0-90-generic","git_sha":"1aa45f1","timestamp":"2026-05-02T12:04:30Z"},"fold_count":64,"per_fold_ms":0.1672913625,"accumulator_bytes":280,"final_snark_prover_ms":0.0113315,"final_snark_bytes":384,"verifier_ms":0.0071538999999999995}