{"name":"rlwe-relation-N8192","mean":30.769366100867046,"median":30.77638300237595,"p99":34.36732100090012,"stddev":2.1338114549288796,"n_runs":10,"env":{"cpu":"AMD RYZEN AI MAX+ 395 w/ Radeon 8060S","ram_gb":8,"kernel":"Linux version 6.8.0-90-generic (buildd@lcy02-amd64-092) (x86_64-linux-gnu-gcc-13 (Ubuntu 13.3.0-6ubuntu2~24.04) 13.3.0, GNU ld (GNU Binutils for Ubuntu) 2.42) #91-Ubuntu SMP PREEMPT_DYNAMIC Tue Nov 18 14:14:30 UTC 2025","git_sha":"1aa45f1","timestamp":"2026-05-02T11:57:35Z"},"logical_degree":8192,"circuit_coefficients":64,"compile_ms":99.99293700093403,"execute_ms":95.44420099700801,"gates":64,"prover_ms":30.769366100867046,"proof_bytes":14656,"verifier_ms":6.784097701893188}
