{"name":"rlwe-relation-N512","mean":29.621020200283965,"median":29.419778500596294,"p99":31.729568996524904,"stddev":1.5332953906078906,"n_runs":10,"env":{"cpu":"AMD RYZEN AI MAX+ 395 w/ Radeon 8060S","ram_gb":8,"kernel":"Linux version 6.8.0-90-generic (buildd@lcy02-amd64-092) (x86_64-linux-gnu-gcc-13 (Ubuntu 13.3.0-6ubuntu2~24.04) 13.3.0, GNU ld (GNU Binutils for Ubuntu) 2.42) #91-Ubuntu SMP PREEMPT_DYNAMIC Tue Nov 18 14:14:30 UTC 2025","git_sha":"1aa45f1","timestamp":"2026-05-02T11:57:35Z"},"logical_degree":512,"circuit_coefficients":16,"compile_ms":97.45560200099135,"execute_ms":96.55915899929823,"gates":16,"prover_ms":29.621020200283965,"proof_bytes":14656,"verifier_ms":6.843058200320229}
