{"name":"rlwe-relation-N2048","mean":29.316437100351322,"median":29.51962050428847,"p99":31.382419998408295,"stddev":1.317343276109962,"n_runs":10,"env":{"cpu":"AMD RYZEN AI MAX+ 395 w/ Radeon 8060S","ram_gb":8,"kernel":"Linux version 6.8.0-90-generic (buildd@lcy02-amd64-092) (x86_64-linux-gnu-gcc-13 (Ubuntu 13.3.0-6ubuntu2~24.04) 13.3.0, GNU ld (GNU Binutils for Ubuntu) 2.42) #91-Ubuntu SMP PREEMPT_DYNAMIC Tue Nov 18 14:14:30 UTC 2025","git_sha":"1aa45f1","timestamp":"2026-05-02T11:57:35Z"},"logical_degree":2048,"circuit_coefficients":32,"compile_ms":97.32646599877626,"execute_ms":96.70391400140943,"gates":32,"prover_ms":29.316437100351322,"proof_bytes":14656,"verifier_ms":6.607084200368263}
