{
  "n": 512,
  "mean": 45349040.6,
  "median": 42491213.0,
  "p99": 58891871.0,
  "stddev": 6815648.986864115,
  "aggregator_wall_ms": 45.3490406,
  "final_snark_size_bytes": 10944,
  "verifier_gas": 1278,
  "peak_mem_kb": 8131800,
  "env": {
    "cpu": "AMD RYZEN AI MAX+ 395 w/ Radeon 8060S",
    "mem_kb": 8131800,
    "kernel": "Linux version 6.8.0-90-generic"
  }
}