{
  "n": 256,
  "mean": 5818157.4,
  "median": 5529318.0,
  "p99": 7149320.0,
  "stddev": 668603.5702191845,
  "aggregator_wall_ms": 5.8181574000000005,
  "final_snark_size_bytes": 5472,
  "verifier_gas": 1278,
  "peak_mem_kb": 8131800,
  "env": {
    "cpu": "AMD RYZEN AI MAX+ 395 w/ Radeon 8060S",
    "mem_kb": 8131800,
    "kernel": "Linux version 6.8.0-90-generic"
  }
}