{
  "n": 256,
  "mean": 6552907.2,
  "median": 5708744.0,
  "p99": 8235320.0,
  "stddev": 1232166.774429241,
  "aggregator_wall_ms": 6.5529072,
  "final_snark_size_bytes": 5472,
  "verifier_gas": 1278,
  "peak_mem_kb": 8131784,
  "env": {
    "cpu": "AMD RYZEN AI MAX+ 395 w/ Radeon 8060S",
    "mem_kb": 8131784,
    "kernel": "Linux version 6.8.0-110-generic"
  }
}