{
  "n": 512,
  "mean": 48631459.0,
  "median": 48524478.0,
  "p99": 50190938.0,
  "stddev": 1105613.7934325892,
  "aggregator_wall_ms": 48.631459,
  "final_snark_size_bytes": 10944,
  "verifier_gas": 1278,
  "peak_mem_kb": 8131784,
  "env": {
    "cpu": "AMD RYZEN AI MAX+ 395 w/ Radeon 8060S",
    "mem_kb": 8131784,
    "kernel": "Linux version 6.8.0-110-generic"
  }
}