{
  "n": 128,
  "mean": 1577667.2,
  "median": 1479176.0,
  "p99": 1992001.0,
  "stddev": 207670.72108450916,
  "aggregator_wall_ms": 1.5776672,
  "final_snark_size_bytes": 2752,
  "verifier_gas": 1278,
  "peak_mem_kb": 8131784,
  "env": {
    "cpu": "AMD RYZEN AI MAX+ 395 w/ Radeon 8060S",
    "mem_kb": 8131784,
    "kernel": "Linux version 6.8.0-110-generic"
  }
}