{
  "n": 1024,
  "mean": 198469882.4,
  "median": 200403225.0,
  "p99": 207855482.0,
  "stddev": 6910776.797135749,
  "aggregator_wall_ms": 198.46988240000002,
  "final_snark_size_bytes": 21856,
  "verifier_gas": 1278,
  "peak_mem_kb": 8131784,
  "env": {
    "cpu": "AMD RYZEN AI MAX+ 395 w/ Radeon 8060S",
    "mem_kb": 8131784,
    "kernel": "Linux version 6.8.0-110-generic"
  }
}