{
  "n": 1024,
  "mean": 174025911.2,
  "median": 162103821.0,
  "p99": 202826794.0,
  "stddev": 17768034.80517822,
  "aggregator_wall_ms": 174.0259112,
  "final_snark_size_bytes": 21856,
  "verifier_gas": 1278,
  "peak_mem_kb": 8131784,
  "env": {
    "cpu": "AMD RYZEN AI MAX+ 395 w/ Radeon 8060S",
    "mem_kb": 8131784,
    "kernel": "Linux version 6.8.0-110-generic"
  }
}