{
  "n": 256,
  "mean": 6117228.0,
  "median": 5430254.0,
  "p99": 7697014.0,
  "stddev": 977684.6968942492,
  "aggregator_wall_ms": 6.117228,
  "final_snark_size_bytes": 5472,
  "verifier_gas": 1278,
  "peak_mem_kb": 8131800,
  "env": {
    "cpu": "AMD RYZEN AI MAX+ 395 w/ Radeon 8060S",
    "mem_kb": 8131800,
    "kernel": "Linux version 6.8.0-90-generic"
  }
}