{
  "n": 1024,
  "mean": 275742917.6,
  "median": 177184896.0,
  "p99": 670400070.0,
  "stddev": 197328632.3447993,
  "aggregator_wall_ms": 275.7429176,
  "final_snark_size_bytes": 21856,
  "verifier_gas": 1278,
  "peak_mem_kb": 8131800,
  "env": {
    "cpu": "AMD RYZEN AI MAX+ 395 w/ Radeon 8060S",
    "mem_kb": 8131800,
    "kernel": "Linux version 6.8.0-90-generic"
  }
}