{
  "n": 256,
  "mean": 7869956.6,
  "median": 7760478.0,
  "p99": 9322501.0,
  "stddev": 812025.3052799772,
  "aggregator_wall_ms": 7.869956599999999,
  "final_snark_size_bytes": 5472,
  "verifier_gas": 1278,
  "peak_mem_kb": 8131784,
  "env": {
    "cpu": "AMD RYZEN AI MAX+ 395 w/ Radeon 8060S",
    "mem_kb": 8131784,
    "kernel": "Linux version 6.8.0-110-generic"
  }
}