{
  "n": 1024,
  "threshold": 513,
  "keygen_ms": 2.4921724000000003,
  "verify_ms": 0.000059000000000000004,
  "reconstruct_ms": 1.9665164000000002,
  "share_bytes": 32768,
  "iters": 10
}